seed,episode,total_reward,epsilon,return_ma50,wall_clock_s
0,1,-5150.144473925229,1.0,-5150.144473925229,0.05621930000052089
0,2,-5355.332469980402,0.997625,-5252.738471952815,0.125616599994828
0,3,-5119.0,0.99525,-5208.158981301877,0.1727614999981597
0,4,-5129.049620208805,0.992875,-5188.381641028609,0.225174799998058
0,5,-5568.0,0.9905,-5264.305312822888,0.2698945000011008
0,6,-4947.499999852793,0.988125,-5211.504427327872,0.31568509999488015
0,7,-5043.0,0.98575,-5187.432366281033,0.3633875999948941
0,8,-5338.99999966695,0.983375,-5206.378320454272,0.4075669999947422
0,9,-4503.0,0.981,-5128.225173737131,0.4545180999994045
0,10,-5346.179999828151,0.978625,-5150.0206563462325,0.5007360999952652
0,11,-5293.318514630114,0.97625,-5163.04773437204,0.552020299997821
0,12,-5962.853034597734,0.973875,-5229.6981760575145,0.5983281000007992
0,13,-4817.0,0.9715,-5197.952162514629,0.6498146999947494
0,14,-5168.276806332665,0.969125,-5195.832494215917,0.6953164000005927
0,15,-5784.193877202643,0.96675,-5235.056586415032,0.7434882999950787
0,16,-5460.925372672867,0.964375,-5249.173385556147,0.788427599996794
0,17,-5865.6,0.962,-5285.43377464108,0.8374723000015365
0,18,-5168.389030811432,0.959625,-5278.931288872766,0.925712600001134
0,19,-5351.0,0.95725,-5282.724378932095,1.0088591999956407
0,20,-5364.662921062597,0.954875,-5286.82130603862,1.0600084999969113
0,21,-5032.554687254771,0.9525,-5274.713371810817,1.1126389999990351
0,22,-4866.24683524261,0.950125,-5256.146711057717,1.1589323000007425
0,23,-5415.0,0.94775,-5263.053375794338,1.2058589000007487
0,24,-4969.487360907643,0.945375,-5250.821458507392,1.265273699995305
0,25,-5231.875729609155,0.9430000000000001,-5250.0636293514635,1.3137327000004007
0,26,-5456.056097765714,0.940625,-5257.986416598165,1.359289699998044
0,27,-5910.27081276788,0.93825,-5282.145097937784,1.4119310999958543
0,28,-5537.645571974199,0.935875,-5291.270114867656,1.4612358000013046
0,29,-5234.0,0.9335,-5289.295283320495,1.5086813000016264
0,30,-5938.783279619582,0.931125,-5310.944883197132,1.5545519000006607
0,31,-5273.223211101084,0.92875,-5309.728055065001,1.5997111999968183
0,32,-6022.84126966664,0.926375,-5332.012843021303,1.6445993000015733
0,33,-5817.52290432121,0.924,-5346.7252691213,1.6896085999978823
0,34,-4773.0,0.921625,-5329.850996500085,1.8564480999993975
0,35,-6075.99999989984,0.91925,-5351.169539454364,2.029096099999151
0,36,-5267.999999921803,0.916875,-5348.859274467348,2.2050681999971857
0,37,-4870.0,0.9145,-5335.917131914177,2.3794650999989244
0,38,-5242.338709554831,0.912125,-5333.454541852089,2.555093199996918
0,39,-5119.0,0.9097500000000001,-5327.955707445625,2.7308550999950967
0,40,-5383.43902416998,0.907375,-5329.342790363733,2.8986579999982496
0,41,-5494.961059828746,0.905,-5333.382260350685,3.072051700000884
0,42,-5498.013888636767,0.902625,-5337.302061024164,3.251346899996861
0,43,-5116.0,0.90025,-5332.155501465462,3.413684099999955
0,44,-4994.999999837247,0.897875,-5324.492876428457,3.5783374999955413
0,45,-4854.4999998269595,0.8955,-5314.048590281757,3.746642799997062
0,46,-5452.354558340445,0.893125,-5317.0552417612935,3.9245900999958394
0,47,-4938.849623775521,0.89075,-5309.008313719043,4.090539299999364
0,48,-5557.0,0.888375,-5314.17480718323,4.257397900000797
0,49,-5201.0,0.886,-5311.865117240715,4.422201000001223
0,50,-4771.0,0.883625,-5301.047814895901,4.594716499996139
0,51,-5897.4,0.88125,-5315.992925417397,4.757936099995277
0,52,-5569.099061665912,0.878875,-5320.268257251106,4.929186800000025
0,53,-5815.229658281904,0.8765000000000001,-5334.192850416745,5.108680400000594
0,54,-5378.208310183434,0.874125,-5339.176024216236,5.2728057999993325
0,55,-4388.0,0.87175,-5315.576024216237,5.446701100001519
0,56,-4952.598216210147,0.869375,-5315.677988543383,5.620748599998478
0,57,-5241.863767861776,0.867,-5319.6552639006195,5.792016200000944
0,58,-5422.555555374556,0.864625,-5321.326375014772,5.970075599994743
0,59,-5442.939739596197,0.86225,-5340.125169806695,6.136413899999752
0,60,-5525.511487960395,0.859875,-5343.71179956934,6.30687229999603
0,61,-4785.999999882828,0.8575,-5333.565429274396,6.471540200000163
0,62,-5126.0,0.855125,-5316.828368582439,6.644059899997956
0,63,-5493.0,0.85275,-5330.348368582439,6.811088199996448
0,64,-4924.0,0.850375,-5325.462832455786,6.972506199999771
0,65,-5164.722011119529,0.848,-5313.073395134124,7.124394599995867
0,66,-5067.0,0.8456250000000001,-5305.194887680667,7.304510399997525
0,67,-5052.8,0.84325,-5288.938887680666,7.48963989999902
0,68,-5639.46453886362,0.840875,-5298.36039784171,7.659795200001099
0,69,-5851.0,0.8385,-5308.36039784171,7.836017399997218
0,70,-5104.63562708071,0.836125,-5303.159851962073,7.9998087999993
0,71,-4868.0,0.83375,-5299.868758216978,8.17250729999796
0,72,-4353.0,0.831375,-5289.603821512125,8.344216799996502
0,73,-5275.420909346265,0.829,-5286.81223969905,8.517556499995408
0,74,-5723.690513987458,0.8266249999999999,-5301.896302760646,8.676637299999129
0,75,-5554.669516595729,0.82425,-5308.352178500379,8.859960399997362
0,76,-5312.484042252856,0.821875,-5305.480737390121,9.035288499995659
0,77,-5126.0,0.8195,-5289.795321134764,9.195118099996762
0,78,-5522.256439888522,0.817125,-5289.48753849305,9.360899999999674
0,79,-4481.0,0.81475,-5274.42753849305,9.537192299998424
0,80,-4897.0,0.8123750000000001,-5253.591872900658,9.712012099997082
0,81,-5466.317375703512,0.81,-5257.453756192707,9.889601399998355
0,82,-5407.124277331455,0.807625,-5245.139416346003,10.058888599996862
0,83,-5583.0,0.80525,-5240.448958259579,10.233240399997158
0,84,-5537.0,0.802875,-5255.728958259579,10.402857799999765
0,85,-4707.0,0.8005,-5228.348958261582,10.576885199996468
0,86,-4974.0,0.798125,-5222.468958263145,10.73772839999583
0,87,-5020.5212120221,0.79575,-5225.479382503588,10.912585499994748
0,88,-4908.675866233574,0.7933749999999999,-5218.806125637163,11.086983499997586
0,89,-5718.0,0.791,-5230.786125637163,11.27269079999678
0,90,-5132.0,0.788625,-5225.757345153764,11.449466799997026
0,91,-5258.0,0.78625,-5221.018123957188,11.616483899997547
0,92,-5192.996775567403,0.783875,-5214.917781695802,11.778080299998692
0,93,-5696.0,0.7815,-5226.517781695801,11.959213499998441
0,94,-4690.399999901191,0.7791250000000001,-5220.425781697079,12.116096999998263
0,95,-5428.0,0.77675,-5231.895781700541,12.287754500001029
0,96,-5256.091836584455,0.774375,-5227.970527265421,12.461243400000967
0,97,-5532.0,0.772,-5239.833534789911,12.633207799997763
0,98,-4596.657299585977,0.769625,-5220.62668078163,12.804899399998249
0,99,-5210.061629727485,0.76725,-5220.80791337618,12.975956299997051
0,100,-5440.0,0.764875,-5234.1879133761795,13.12424800000008
0,101,-5532.830807649722,0.7625,-5226.896529529175,13.3001734999998
0,102,-5337.997904582113,0.760125,-5222.274506387498,13.44898010000179
0,103,-5137.058823393552,0.75775,-5208.711089689731,13.608795599997393
0,104,-4991.999999920673,0.755375,-5200.9869234844755,13.78026459999819
0,105,-5846.955302477254,0.753,-5230.166029534021,13.926655299997947
0,106,-5213.0,0.750625,-5235.374065209818,14.068660299999465
0,107,-4936.0,0.7482500000000001,-5229.256789852582,14.227878300000157
0,108,-5772.0,0.7458750000000001,-5236.245678745091,14.395272199995816
0,109,-5523.077414237128,0.7435,-5237.848432237911,14.560486199996376
0,110,-5299.835561916588,0.741125,-5233.3349137170335,14.73621650000132
0,111,-5339.137676367619,0.73875,-5244.39766724673,14.910746900000959
0,112,-5171.571428390421,0.736375,-5245.309095814538,15.065879299996595
0,113,-4691.0,0.734,-5229.269095814539,15.241015100000368
0,114,-5854.999999881088,0.731625,-5247.88909581216,15.417691399998148
0,115,-4370.0,0.72925,-5231.9946555897695,15.591798099994776
0,116,-5450.609840549432,0.726875,-5239.666852400758,15.761668799998006
0,117,-5636.6674972351875,0.7245,-5251.344202345462,15.934745099999418
0,118,-5572.0,0.722125,-5249.994911568189,16.10799810000026
0,119,-5627.764150857801,0.71975,-5245.530194585345,16.326068399997894
0,120,-5616.534883511382,0.7173750000000001,-5255.768179713959,16.496175799999037
0,121,-5073.32656226615,0.7150000000000001,-5259.874710959282,16.673925499999314
0,122,-4285.0,0.7126250000000001,-5258.514710959283,16.861619899995276
0,123,-5413.468304229226,0.71025,-5261.275658856941,17.036091999994824
0,124,-5122.999999850495,0.707875,-5249.261848574201,17.200413400001707
0,125,-5422.0,0.7055,-5246.608458242287,17.3705426000015
0,126,-5162.659348523062,0.703125,-5243.611964367691,17.526475099999516
0,127,-5344.7,0.70075,-5247.985964367691,17.68427339999471
0,128,-4854.999999652276,0.698375,-5234.6408355629665,17.848337499999616
0,129,-5627.499999952381,0.696,-5257.5708355620145,18.012574699998368
0,130,-4863.999999854512,0.6936249999999999,-5256.910835559105,18.18448630000057
0,131,-4840.661016730979,0.69125,-5244.397708379653,18.36305519999587
0,132,-4800.0,0.688875,-5232.255222833024,18.540386799999396
0,133,-4864.5169522699,0.6865,-5217.885561878423,18.716336400000728
0,134,-5742.0,0.684125,-5221.985561878423,18.878920499999367
0,135,-6222.752177614962,0.6817500000000001,-5252.300605430722,19.04870590000064
0,136,-5221.0,0.6793750000000001,-5257.240605430722,19.22334669999691
0,137,-5089.9,0.677,-5258.62818119028,19.391951400000835
0,138,-5258.3795179251665,0.674625,-5265.622254224111,19.5666870999994
0,139,-4961.0,0.67225,-5250.482254224113,19.742615399998613
0,140,-5460.218249649912,0.669875,-5257.04661921711,19.91006919999927
0,141,-5763.0,0.6675,-5267.146619217109,20.08387419999781
0,142,-5464.0,0.665125,-5272.566683705762,20.243778700001712
0,143,-4993.99999989084,0.66275,-5258.52668370358,20.39816549999523
0,144,-5658.0,0.660375,-5277.878683705556,20.543009100001655
0,145,-4171.0,0.658,-5252.738683705556,20.703830599995854
0,146,-4775.0,0.655625,-5243.116846973866,20.87832179999532
0,147,-5255.740254059057,0.65325,-5237.591652055047,21.038151499997184
0,148,-4982.499999965517,0.6508750000000001,-5245.308506062638,21.197916400000395
0,149,-5702.614712000088,0.6485000000000001,-5255.15956770809,21.346371299994644
0,150,-5219.0,0.6461250000000001,-5250.739567708089,21.516813399997773
0,151,-4342.4,0.64375,-5226.930951555095,21.691432399995392
0,152,-5472.0,0.641375,-5229.610993463453,21.883624499998405
0,153,-5176.0,0.639,-5230.389816995582,22.05542769999738
0,154,-5356.736841598243,0.636625,-5237.684553829134,22.224475899995014
0,155,-5082.20833320665,0.63425,-5222.38961444372,22.388350499997614
0,156,-5562.02755881256,0.631875,-5229.370165619972,22.559778399998322
0,157,-5609.489373832563,0.6295,-5242.8399530966235,22.769939999998314
0,158,-5271.4999999438205,0.6271249999999999,-5232.8299530955,22.94693130000087
0,159,-5142.999999910572,0.62475,-5225.22840480897,23.110096799995517
0,160,-5962.499999953704,0.622375,-5238.481693569711,23.285915199994633
0,161,-5280.2435895087865,0.62,-5237.303811832535,23.45072010000149
0,162,-4850.099999894638,0.617625,-5230.87438326262,23.62074120000034
0,163,-4553.152422291229,0.6152500000000001,-5228.117431708444,23.79057859999739
0,164,-5204.499999961832,0.6128750000000001,-5215.107431710058,23.964324799999304
0,165,-5582.1,0.6105,-5239.349431710059,24.131087699999625
0,166,-5740.384876576153,0.608125,-5245.144932430594,24.299076999996032
0,167,-5688.4199998269305,0.60575,-5246.1799824824275,24.47321949999605
0,168,-5124.0,0.603375,-5237.219982482427,24.62572189999628
0,169,-5290.0,0.601,-5230.464699465272,24.780738000001293
0,170,-6352.415253850182,0.598625,-5245.182306872048,24.94781890000013
0,171,-5576.200946206241,0.59625,-5255.23979455085,25.11031959999673
0,172,-4720.0,0.593875,-5263.93979455085,25.278355999995256
0,173,-5820.38281236926,0.5915,-5272.07808471365,25.421638799998618
0,174,-5195.999999901072,0.589125,-5273.538084714662,25.580597200001648
0,175,-5199.3529409363255,0.58675,-5269.085143533389,25.768963700000313
0,176,-5235.7,0.5843750000000001,-5270.545956562927,25.93169510000007
0,177,-5059.355769027685,0.5820000000000001,-5264.83907194348,26.14670489999844
0,178,-4559.0,0.5796250000000001,-5258.919071950435,26.29159979999531
0,179,-5429.3958332072825,0.57725,-5254.956988615533,26.437112100000377
0,180,-5703.0,0.574875,-5271.736988618443,26.611531800001103
0,181,-5630.0,0.5725,-5287.523768283823,26.768828799999028
0,182,-5338.0,0.570125,-5298.2837682838235,26.9358785000004
0,183,-4947.292893897005,0.56775,-5299.939287116365,27.11484819999896
0,184,-4710.949187034895,0.565375,-5279.318270857064,27.298464699997567
0,185,-5234.0,0.563,-5259.543227304765,27.495519899995998
0,186,-5338.0,0.5606249999999999,-5261.883227304764,27.685037999995984
0,187,-4577.468518337453,0.55825,-5251.634597671514,27.877726699996856
0,188,-5536.217379088549,0.555875,-5257.191354894781,28.05541169999924
0,189,-5903.207110293903,0.5535000000000001,-5276.035497100658,28.23812669999461
0,190,-4757.0,0.5511250000000001,-5261.971132107661,28.424854899996717
0,191,-5267.491500903163,0.5487500000000001,-5252.0609621257245,28.608150699998077
0,192,-5614.0,0.546375,-5255.0609621257245,28.785793899995042
0,193,-4964.0,0.544,-5254.460962127907,28.967325199999323
0,194,-5372.671052437043,0.541625,-5248.754383176648,29.14777139999933
0,195,-5023.887217949544,0.53925,-5265.812127535639,29.326986000000034
0,196,-4700.0,0.536875,-5264.312127535639,29.50343730000168
0,197,-5102.0,0.5345,-5261.237322454457,29.679319800001394
0,198,-4974.401626674675,0.532125,-5261.075354988641,29.858101400001033
0,199,-5131.0,0.5297499999999999,-5249.64306074864,30.03683259999525
0,200,-4798.026785604672,0.527375,-5241.223596460733,30.21473100000003
0,201,-5185.812303195605,0.525,-5258.0918425246455,30.392191799997818
0,202,-4519.359237930952,0.5226250000000001,-5239.039027283263,30.56890239999484
0,203,-5837.08502020494,0.5202500000000001,-5252.260727687361,30.74782630000118
0,204,-4983.215279488065,0.5178750000000001,-5244.79029644516,30.92325179999898
0,205,-5517.533812641372,0.5155000000000001,-5253.496806033854,31.10326979999809
0,206,-5506.016128715795,0.513125,-5252.376577431918,31.27997730000061
0,207,-5026.785652190888,0.51075,-5240.722502999084,31.45544510000036
0,208,-5420.591836631659,0.508375,-5243.704339732841,31.633405699998548
0,209,-5225.989719854634,0.506,-5245.3641341317225,31.80675709999923
0,210,-4742.0,0.503625,-5220.9541341326485,32.020726499999
0,211,-5929.874205600045,0.50125,-5233.946746454473,32.20633409999573
0,212,-5254.452900017546,0.49887500000000007,-5242.033804456933,32.386358999996446
0,213,-5434.0,0.49650000000000005,-5259.650756011107,32.56805190000159
0,214,-5580.261904422809,0.49412500000000004,-5267.165994100327,32.75022039999749
0,215,-5130.0491800310565,0.49175,-5258.124977700949,32.92411639999773
0,216,-5820.705604242775,0.489375,-5259.731392254281,33.105692199998884
0,217,-4507.0,0.487,-5236.102992257742,33.28668199999811
0,218,-5032.0,0.4846250000000001,-5234.262992257742,33.46654999999737
0,219,-5182.6,0.48224999999999996,-5232.114992257742,33.645112099999096
0,220,-4929.588234952568,0.47987500000000005,-5203.658451879789,33.82425439999497
0,221,-5355.1263304495915,0.47750000000000004,-5199.236959564656,33.99380240000028
0,222,-5597.0,0.475125,-5216.776959564657,34.174170599995705
0,223,-5373.202380808292,0.47275,-5207.833350933437,34.35461899999791
0,224,-4675.0,0.470375,-5197.413350935416,34.54538440000033
0,225,-5184.459018772674,0.46799999999999997,-5197.1154724921425,34.724765099999786
0,226,-5678.0,0.46562500000000007,-5205.961472492142,34.907780299996375
0,227,-5236.0,0.46325000000000005,-5209.494357111589,35.09231020000152
0,228,-4746.0,0.46087500000000003,-5213.234357111589,35.26872719999665
0,229,-4494.0,0.4585,-5194.526440447443,35.44917229999555
0,230,-5699.499999972376,0.456125,-5194.456440446891,35.629240199996275
0,231,-5562.9999999079955,0.4537500000000001,-5193.116440445051,35.81043439999485
0,232,-5288.999999768214,0.45137499999999997,-5192.136440440415,35.9987770000007
0,233,-5187.251314655793,0.44900000000000007,-5196.935608855591,36.17992379999487
0,234,-5411.899999809573,0.44662500000000005,-5210.954625111084,36.359626199999184
0,235,-5172.944444220415,0.44425000000000003,-5209.733513995493,36.53896269999677
0,236,-5405.0,0.441875,-5211.073513995493,36.724665699999605
0,237,-4886.699999875814,0.4395,-5217.25814362626,36.90869769999699
0,238,-5771.110650194443,0.437125,-5221.956009048377,37.08850789999997
0,239,-4799.0,0.4347500000000001,-5199.8718668425,37.27131260000169
0,240,-4848.399999816409,0.43237499999999995,-5201.699866838829,37.460130300001765
0,241,-4990.013888650903,0.43000000000000005,-5196.150314593782,37.651127299999644
0,242,-5242.118320472743,0.42762500000000003,-5188.712681003238,37.88009890000103
0,243,-4980.0,0.42525,-5189.0326810032375,38.08791509999719
0,244,-4850.1354164996455,0.422875,-5178.581968284489,38.25915349999559
0,245,-5047.528047142733,0.4205,-5179.054784868354,38.43840559999808
0,246,-5131.0,0.41812499999999997,-5187.6747848683535,38.61729760000162
0,247,-5318.207980018826,0.41575000000000006,-5191.99894446873,38.796314999999595
0,248,-5196.0,0.41337499999999994,-5196.4309119352365,38.97690779999539
0,249,-5132.166666428014,0.41100000000000003,-5196.454245263796,39.15587370000139
0,250,-5739.010792266803,0.408625,-5215.273925397039,39.334280899995065
0,251,-5215.539712021384,0.40625,-5215.868473573555,39.51002409999637
0,252,-5146.999999921219,0.4038750000000001,-5228.42128881336,39.6896693000017
0,253,-4745.218990906134,0.4015000000000001,-5206.583968227384,39.858419199998025
0,254,-4907.0,0.39912500000000006,-5205.059662637624,40.03832149999653
0,255,-4993.0,0.39675000000000005,-5194.568986384796,40.20734499999526
0,256,-5506.1491226517355,0.39437500000000003,-5194.571646263514,40.38518810000096
0,257,-4873.549549204563,0.392,-5191.506924203787,40.5540433999995
0,258,-5037.0,0.3896250000000001,-5183.835087471154,40.73418880000099
0,259,-5488.9999998814765,0.38725,-5189.095293071691,40.907207799995376
0,260,-4880.0,0.3848750000000001,-5191.855293071691,41.083150400001614
0,261,-5251.0,0.38250000000000006,-5178.27780895969,41.26041809999879
0,262,-5688.0,0.38012500000000005,-5186.94875095934,41.434354500001064
0,263,-5310.0,0.37775000000000003,-5184.46875095934,41.6109387999968
0,264,-6368.0,0.375375,-5200.2235128708835,41.777795099995274
0,265,-4904.0,0.373,-5195.702529270263,41.95686839999689
0,266,-5284.499999886035,0.3706250000000001,-5184.978417183127,42.134746099996846
0,267,-5120.190265348922,0.36824999999999997,-5197.242222490106,42.31557239999529
0,268,-5331.0,0.36587500000000006,-5203.222222490105,42.46330769999622
0,269,-5285.906577283004,0.36350000000000005,-5205.288354035766,42.63569319999806
0,270,-4967.0,0.36112500000000003,-5206.036589336714,42.79527370000142
0,271,-5521.0,0.35875,-5209.3540627277225,42.96609519999765
0,272,-5596.977747868994,0.356375,-5209.353617685102,43.143781200000376
0,273,-5753.0,0.354,-5216.949570068937,43.317852699998184
0,274,-5479.0,0.3516250000000001,-5233.029570068937,43.497421200001554
0,275,-4969.0,0.34924999999999995,-5228.720389693483,43.672237899998436
0,276,-5228.062597337632,0.34687500000000004,-5219.721641640236,43.84156079999957
0,277,-5877.499999839436,0.34450000000000003,-5232.551641637025,43.9963276999988
0,278,-5905.893333129261,0.342125,-5255.74950829961,44.14489859999594
0,279,-5464.692225379738,0.3397500000000001,-5275.163352807205,44.29765049999696
0,280,-5017.499999878484,0.337375,-5261.523352805327,44.47695599999861
0,281,-5327.6,0.3350000000000001,-5256.815352807167,44.65599849999853
0,282,-4932.6,0.33262500000000006,-5249.687352811804,44.82873449999897
0,283,-5440.0,0.33025000000000004,-5254.742326518687,45.00737359999766
0,284,-5068.0,0.327875,-5247.864326522495,45.26287049999519
0,285,-5221.499999381282,0.3255,-5248.835437625713,45.421734099996684
0,286,-4447.299999899184,0.323125,-5229.681437623696,45.57314309999492
0,287,-5654.0,0.3207500000000001,-5245.02743762618,45.73752009999589
0,288,-5062.0,0.31837499999999996,-5230.845224622291,45.91794569999911
0,289,-5281.172932192678,0.31600000000000006,-5240.488683266145,46.09635149999667
0,290,-5739.391861828977,0.31362500000000004,-5258.308520506395,46.27398009999888
0,291,-5815.499999877502,0.31125,-5274.8182427309275,46.4549388000014
0,292,-5445.6,0.308875,-5278.887876321473,46.63293089999934
0,293,-5640.78991566085,0.3065,-5292.103674634691,46.80959150000126
0,294,-5076.0,0.304125,-5296.6209663046975,46.97676620000129
0,295,-5335.0,0.3017500000000001,-5302.370405361843,47.15568160000112
0,296,-5434.0,0.29937499999999995,-5308.430405361843,47.33201900000131
0,297,-4876.499999869848,0.29700000000000004,-5299.596245758863,47.51000999999815
0,298,-5078.140287612749,0.294625,-5297.239051511117,47.679593699998804
0,299,-4295.0,0.29225,-5280.495718182558,47.85377999999764
0,300,-4733.1,0.289875,-5260.377502337222,48.020913699998346
0,301,-5154.299999781946,0.2875000000000001,-5259.152708092433,48.17282829999749
0,302,-4556.959263141624,0.2851250000000001,-5247.35189335684,48.329372899999726
0,303,-5308.570551951267,0.28275000000000006,-5258.618924577742,48.49793769999815
0,304,-4567.999999890837,0.28037500000000004,-5251.838924575561,48.67258800000127
0,305,-5168.0,0.278,-5255.33892457556,48.8494389999978
0,306,-5351.0,0.2756250000000001,-5252.2359421225265,49.00504689999798
0,307,-5568.0,0.27325,-5266.124951138435,49.175739300000714
0,308,-5191.0,0.2708750000000001,-5269.204951138435,49.33813979999832
0,309,-5888.0,0.26850000000000007,-5277.1849511408045,49.497627400000056
0,310,-5560.0,0.26612500000000006,-5290.784951140806,49.677447900001425
0,311,-5914.823955653708,0.26375000000000004,-5304.061430253879,49.855297999994946
0,312,-5262.711540679473,0.261375,-5295.555661067468,50.03393009999854
0,313,-5393.608585477636,0.259,-5297.227832777022,50.21114669999952
0,314,-5252.508457840435,0.2566250000000001,-5274.91800193383,50.371652999994694
0,315,-5222.9,0.25425,-5281.296001933831,50.542724999999336
0,316,-5252.999999680384,0.25187500000000007,-5280.666001929718,50.71225299999787
0,317,-5039.999999900697,0.24950000000000006,-5279.062196620753,50.89193449999584
0,318,-5501.999999875951,0.24712500000000004,-5282.482196618272,51.0706296999997
0,319,-4873.2,0.24475000000000002,-5274.228065072612,51.244493799997144
0,320,-4857.6,0.242375,-5272.0400650726115,51.423700699997426
0,321,-5253.708983074397,0.24,-5266.694244734099,51.60336679999455
0,322,-4752.0,0.2376250000000001,-5249.794689776721,51.78040189999592
0,323,-5605.0,0.23524999999999996,-5246.83468977672,51.9591603000008
0,324,-5401.0,0.23287500000000005,-5245.274689776719,52.11026570000104
0,325,-5135.943820108196,0.23050000000000004,-5248.613566178883,52.279404000000795
0,326,-5662.0,0.22812500000000002,-5257.2923142321315,52.45513940000092
0,327,-4830.44608587509,0.22575000000000012,-5236.351235952844,52.6353267999948
0,328,-4944.337878010269,0.223375,-5217.120126850464,52.815290400001686
0,329,-5045.5669290337955,0.22100000000000009,-5208.737620923545,52.997670999997354
0,330,-5489.499999627535,0.21862500000000007,-5218.177620918526,53.16389779999736
0,331,-5466.0,0.21625000000000005,-5220.945620918526,53.34060269999463
0,332,-4904.549944001722,0.21387500000000004,-5220.38461979856,53.516017099995224
0,333,-5213.749999748705,0.21150000000000002,-5215.859619793535,53.692473700000846
0,334,-5372.599999935897,0.209125,-5221.951619792252,53.86180569999851
0,335,-5221.0,0.2067500000000001,-5221.941619804627,54.02706490000128
0,336,-5046.0,0.20437499999999997,-5233.915619806644,54.189736299995275
0,337,-4817.0,0.20200000000000007,-5217.175619806643,54.36440990000119
0,338,-5467.499999814896,0.19962500000000005,-5225.285619802941,54.54399359999661
0,339,-4593.0,0.19725000000000004,-5211.522161159088,54.718265299998166
0,340,-5030.0,0.19487500000000002,-5197.334323922509,54.89740999999776
0,341,-5846.190701214005,0.1925,-5197.948137949238,55.07670579999831
0,342,-5142.488672958463,0.190125,-5191.885911408408,55.25494829999661
0,343,-4717.068345179969,0.18775000000000008,-5173.41147999879,55.42839200000162
0,344,-4786.0,0.18537499999999996,-5167.61147999879,55.60711060000176
0,345,-5458.999999362148,0.18300000000000005,-5170.091479986033,55.78228939999826
0,346,-5277.839625357401,0.18062500000000004,-5166.968272493181,55.95633989999624
0,347,-5465.0,0.17825000000000002,-5178.738272495783,56.122835999995004
0,348,-5147.0,0.175875,-5180.115466743529,56.30140959999699
0,349,-5145.123943436247,0.1735,-5197.117945612254,56.46000079999794
0,350,-5113.0,0.17112499999999997,-5204.715945612254,56.638443499999994
0,351,-4580.0,0.16875000000000007,-5193.229945616615,56.817971299999044
0,352,-5431.229084958235,0.16637500000000005,-5210.715342052948,56.99433009999484
0,353,-5558.506578676103,0.16400000000000003,-5215.7140625874445,57.1434087000016
0,354,-4561.7441971017215,0.16162500000000013,-5215.588946531661,57.2894535000014
0,355,-5251.267349578935,0.15925,-5217.25429352324,57.461988299997756
0,356,-5504.0,0.1568750000000001,-5220.314293523241,57.63713909999933
0,357,-4940.605262927549,0.15450000000000008,-5207.766398781791,57.8169551999963
0,358,-5575.7029701989195,0.15212500000000007,-5215.460458185769,57.997765100000834
0,359,-5511.4999998769945,0.14975000000000005,-5207.930458183309,58.17538390000118
0,360,-4972.0,0.14737500000000003,-5196.170458183309,58.355678799998714
0,361,-5339.883720585041,0.14500000000000002,-5184.671653481936,58.5360864999966
0,362,-6205.835526243327,0.1426250000000001,-5203.534133193212,58.715083800001594
0,363,-5188.244897833289,0.14024999999999999,-5199.426859440327,58.8939670999971
0,364,-5003.0,0.13787500000000008,-5194.436690283517,59.06965059999493
0,365,-6004.499999954129,0.13550000000000006,-5210.068690282601,59.24638929999492
0,366,-5651.99999977063,0.13312500000000005,-5218.048690284405,59.424726099998225
0,367,-5106.8749998944195,0.13075000000000003,-5219.386190284279,59.601314299994556
0,368,-5738.957859284486,0.12837500000000002,-5224.12534747245,59.77341650000017
0,369,-5842.0,0.126,-5243.50134747245,59.947567600000184
0,370,-5554.0,0.1236250000000001,-5257.429347472451,60.12701240000024
0,371,-6112.0,0.12124999999999997,-5274.595167810962,60.29552249999688
0,372,-4940.5754716006,0.11887500000000006,-5278.366677242974,60.474998899997445
0,373,-4960.0,0.11650000000000005,-5265.466677242974,60.65534559999651
0,374,-5126.78860427596,0.11412500000000003,-5259.982449328493,60.83233869999822
0,375,-4916.3,0.11175000000000002,-5255.58957292633,61.01146389999485
0,376,-5422.0,0.109375,-5250.789572926329,61.18335129999468
0,377,-5909.190167932608,0.1070000000000001,-5272.36445456748,61.35609750000003
0,378,-6186.139784664562,0.10462500000000008,-5297.2004927005655,61.534287599999516
0,379,-5232.0,0.10225000000000006,-5300.92915411989,61.70777380000072
0,380,-5373.0,0.09987500000000005,-5298.599154127339,61.8799177999972
0,381,-5729.499999947368,0.09750000000000003,-5303.869154126287,62.05065910000121
0,382,-5177.999999552107,0.09512500000000002,-5309.338155237294,62.19699099999707
0,383,-4941.645216021867,0.09275000000000011,-5303.896059562757,62.3642319999999
0,384,-5167.0,0.09037499999999998,-5299.784059564039,62.54444240000157
0,385,-5671.649511850277,0.08800000000000008,-5308.7970498010445,62.7255903999976
0,386,-5461.137546029222,0.08562500000000006,-5317.099800721629,62.90335249999771
0,387,-5620.499999956522,0.08325000000000005,-5333.16980072076,63.083528999995906
0,388,-5037.499999956522,0.08087500000000003,-5324.569800723592,63.263349000000744
0,389,-5771.0,0.07850000000000001,-5348.129800723593,63.441116499998316
0,390,-4806.294094038961,0.076125,-5343.655682604371,63.620862199997646
0,391,-5456.0,0.0737500000000001,-5335.851868580092,63.80032260000007
0,392,-5418.2503745625145,0.07137499999999997,-5341.367102612173,63.96564629999921
0,393,-4651.0,0.06900000000000006,-5340.045735708574,64.1196484999964
0,394,-4806.499999859947,0.06662500000000005,-5340.455735705772,64.29747259999567
0,395,-5385.0,0.06425000000000003,-5338.97573571853,64.47090599999501
0,396,-5255.368131658522,0.06187500000000001,-5338.526305844553,64.65057800000068
0,397,-5749.0,0.0595,-5344.206305844552,64.83130189999792
0,398,-5511.0,0.05712499999999998,-5351.486305844552,65.00645369999984
0,399,-4923.780152254921,0.054750000000000076,-5347.059430020925,65.18792969999777
0,400,-4891.0,0.05237499999999995,-5342.619430020925,65.36315800000011
0,401,-4720.021739015248,0.050000000000000044,-5345.419864801229,65.53949940000166
0,402,-5589.0,0.050000000000000044,-5348.5752831020645,65.72094249999645
0,403,-4405.0,0.050000000000000044,-5325.505151528544,65.89909229999466
0,404,-6190.048157839565,0.050000000000000044,-5358.0712307433005,66.06761939999706
0,405,-4798.0,0.050000000000000044,-5349.005883751721,66.21944660000008
0,406,-5168.7499997638015,0.050000000000000044,-5342.300883746998,66.38736349999817
0,407,-5427.56398322324,0.050000000000000044,-5352.040058152911,66.56444449999981
0,408,-5532.51632719748,0.050000000000000044,-5351.176325292883,66.72890550000011
0,409,-4989.7663550210145,0.050000000000000044,-5340.741652395764,66.88264450000133
0,410,-5251.0,0.050000000000000044,-5346.321652395763,67.0462836000006
0,411,-5954.2776795605905,0.050000000000000044,-5358.609531575274,67.22626389999641
0,412,-5323.0,0.050000000000000044,-5340.952821050408,67.4062167000011
0,413,-5037.999999669072,0.050000000000000044,-5337.947923087124,67.57941749999736
0,414,-5195.12300488325,0.050000000000000044,-5341.790383184787,67.75612069999625
0,415,-5695.46195777749,0.050000000000000044,-5335.609622341255,67.9361157999956
0,416,-4572.0,0.050000000000000044,-5314.009622345842,68.10936719999881
0,417,-5297.167095765967,0.050000000000000044,-5317.815464263274,68.28685779999796
0,418,-4883.5210602839,0.050000000000000044,-5300.706728283261,68.4661969000008
0,419,-5230.0,0.050000000000000044,-5288.4667282832625,68.6438119999948
0,420,-4991.205114257939,0.050000000000000044,-5277.2108305684205,68.81515759999456
0,421,-5155.499999758339,0.050000000000000044,-5258.080830563587,68.99627399999736
0,422,-4938.002786161858,0.050000000000000044,-5258.029376854813,69.17445109999971
0,423,-5229.456140231245,0.050000000000000044,-5263.418499659438,69.35379860000103
0,424,-5197.63958308542,0.050000000000000044,-5264.835519235627,69.53393649999634
0,425,-5231.0,0.050000000000000044,-5271.1295192356265,69.70765079999546
0,426,-5179.744565919553,0.050000000000000044,-5266.284410554018,69.88674380000157
0,427,-5290.0,0.050000000000000044,-5253.900607195366,70.06778199999826
0,428,-4814.0,0.050000000000000044,-5226.457811502074,70.24176859999716
0,429,-5860.499999952381,0.050000000000000044,-5239.027811501122,70.42069909999555
0,430,-4841.0,0.050000000000000044,-5228.387811501122,70.60056880000047
0,431,-5017.999999807167,0.050000000000000044,-5214.157811498318,70.7824255999949
0,432,-5341.0,0.050000000000000044,-5217.4178115072755,70.96247589999984
0,433,-4907.506869864816,0.050000000000000044,-5216.735044584135,71.1425820000004
0,434,-5540.4334754292195,0.050000000000000044,-5224.20371409272,71.32026459999906
0,435,-5793.0,0.050000000000000044,-5226.630723855714,71.49908349999896
0,436,-4423.37344879854,0.050000000000000044,-5205.8754419111,71.67527719999634
0,437,-4971.0,0.050000000000000044,-5192.885441911971,71.84835609999573
0,438,-5190.6,0.050000000000000044,-5195.947441912839,72.02873790000012
0,439,-5265.281617135007,0.050000000000000044,-5185.833074255539,72.20608250000078
0,440,-6390.693583706752,0.050000000000000044,-5217.521064048895,72.3810525000008
0,441,-5383.871457191982,0.050000000000000044,-5216.078493192735,72.56065909999597
0,442,-4314.549549254063,0.050000000000000044,-5194.004476686565,72.73977519999607
0,443,-5050.999999914524,0.050000000000000044,-5202.004476684856,72.91028440000082
0,444,-5112.999999811949,0.050000000000000044,-5208.1344766838965,73.0810749999946
0,445,-5357.898395502889,0.050000000000000044,-5207.592444593954,73.22894649999944
0,446,-5749.399999780737,0.050000000000000044,-5217.473081956397,73.37763009999617
0,447,-5027.0,0.050000000000000044,-5203.033081956398,73.55668460000015
0,448,-5921.3,0.050000000000000044,-5211.239081956398,73.7365639999989
0,449,-6030.6416952144355,0.050000000000000044,-5233.376312815588,73.902857699999
0,450,-4714.0,0.050000000000000044,-5229.836312815589,74.08163329999661
0,451,-5734.482604627887,0.050000000000000044,-5250.125530127841,74.26073729999916
0,452,-5706.627672739989,0.050000000000000044,-5252.478083582641,74.43814929999644
0,453,-4927.39511280772,0.050000000000000044,-5262.925985838797,74.59334729999682
0,454,-4783.0,0.050000000000000044,-5234.785022682005,74.76069650000136
0,455,-5029.0,0.050000000000000044,-5239.405022682004,74.94087249999575
0,456,-6111.0,0.050000000000000044,-5258.250022686728,75.11405649999506
0,457,-4992.521028717632,0.050000000000000044,-5249.549163596616,75.29345430000103
0,458,-5093.407021448018,0.050000000000000044,-5240.766977481627,75.47320269999909
0,459,-5487.499999823697,0.050000000000000044,-5250.721650377681,75.64710449999984
0,460,-5318.150031561942,0.050000000000000044,-5252.06465100892,75.82319540000026
0,461,-5472.183333104364,0.050000000000000044,-5242.422764079794,76.00667049999902
0,462,-5576.862480225432,0.050000000000000044,-5247.500013684304,76.18154929999582
0,463,-5531.149999835007,0.050000000000000044,-5257.363013687623,76.36196149999887
0,464,-5082.0,0.050000000000000044,-5255.100553589957,76.53783249999833
0,465,-5423.503311167479,0.050000000000000044,-5249.661380657757,76.71300029999838
0,466,-6089.144390928468,0.050000000000000044,-5280.004268476327,76.89367530000163
0,467,-5226.14942112824,0.050000000000000044,-5278.583914983572,77.06531209999957
0,468,-5710.21669243842,0.050000000000000044,-5295.117827626662,77.24626439999702
0,469,-4989.0,0.050000000000000044,-5290.297827626662,77.42253820000042
0,470,-5627.4999998748735,0.050000000000000044,-5303.0237253390005,77.59918610000022
0,471,-5024.499999825941,0.050000000000000044,-5300.403725340354,77.77369560000079
0,472,-5783.0,0.050000000000000044,-5317.303669617116,77.94826059999468
0,473,-4799.249999768592,0.050000000000000044,-5308.699546807862,78.13058319999982
0,474,-4874.0,0.050000000000000044,-5302.226755146154,78.3085615999953
0,475,-5120.45869763188,0.050000000000000044,-5300.015929098791,78.48934409999492
0,476,-5523.0,0.050000000000000044,-5306.8810377804,78.6683692000006
0,477,-5084.499999919355,0.050000000000000044,-5302.771037778788,78.84315570000035
0,478,-5419.499999942529,0.050000000000000044,-5314.881037777639,79.01954100000148
0,479,-5410.0,0.050000000000000044,-5305.871037778591,79.19670300000143
0,480,-5500.0,0.050000000000000044,-5319.051037778591,79.37189989999752
0,481,-5526.0,0.050000000000000044,-5329.2110377824465,79.55229500000132
0,482,-5182.877513936974,0.050000000000000044,-5326.048588061187,79.72636999999668
0,483,-5977.731758065894,0.050000000000000044,-5347.453085825208,79.9007375000001
0,484,-5025.808612832975,0.050000000000000044,-5337.160588573283,80.08186869999918
0,485,-5276.321702631585,0.050000000000000044,-5326.827022625916,80.26406560000032
0,486,-5276.464646169683,0.050000000000000044,-5343.888846573338,80.44485319999512
0,487,-4213.0,0.050000000000000044,-5328.728846573338,80.62109919999784
0,488,-5530.999999883041,0.050000000000000044,-5335.536846570999,80.79763269999967
0,489,-5197.0,0.050000000000000044,-5334.171214228298,80.97797839999839
0,490,-5737.499999947917,0.050000000000000044,-5321.107342553122,81.14359619999595
0,491,-5524.596905626428,0.050000000000000044,-5323.921851521811,81.28931949999969
0,492,-5555.982707119096,0.050000000000000044,-5348.750514679112,81.46045929999673
0,493,-5499.499999857597,0.050000000000000044,-5357.720514677973,81.63606489999802
0,494,-5236.0,0.050000000000000044,-5360.180514681735,81.78569349999452
0,495,-5288.499999947368,0.050000000000000044,-5358.792546770624,81.95953979999467
0,496,-5238.081856816156,0.050000000000000044,-5348.566183911332,82.13971119999769
0,497,-5308.09272019369,0.050000000000000044,-5354.188038315205,82.31464099999721
0,498,-5213.0,0.050000000000000044,-5340.022038315206,82.49001899999712
0,499,-6181.0,0.050000000000000044,-5343.029204410917,82.66561340000044
0,500,-5497.074952266225,0.050000000000000044,-5358.690703456243,82.84148319999804
