episode,reward_mean,reward_std
1,-5069.059243673405,120.5481313768927
2,-5260.1108233268005,402.048033813831
3,-5281.666666666667,452.48793722411347
4,-5102.409600075265,146.17135831425836
5,-5408.583924189243,163.2504980421133
6,-5324.1301933755285,328.213586126681
7,-5363.943019824754,497.33194228701353
8,-5386.8640687785055,94.17613309421753
9,-4963.03645820749,440.50947517816905
10,-5505.913516832831,355.72212705097155
11,-5221.434288103213,173.1492625371112
12,-5547.085932069749,392.089902530226
13,-5142.666666666667,468.02385979064485
14,-5195.758935444222,223.769302106831
15,-5623.747150086455,594.9303267897922
16,-5180.975123760164,285.0949080719763
17,-5434.947654222196,442.99954519476506
18,-5204.861099229734,590.9418632351411
19,-5068.791423720287,398.00241358023595
20,-5436.692804669458,311.02739245908907
21,-5297.175824469966,244.5142303359495
22,-5218.6779915573525,305.49561121369993
23,-5466.487720655566,44.65308235607583
24,-5045.198599800037,231.70803252662736
25,-5443.174348449399,325.35989033121797
26,-5314.187252666772,428.25513601886416
27,-5523.456473086916,336.16329878457196
28,-5516.548523964578,146.14655003696748
29,-5313.015151419743,193.94985481790397
30,-5443.570036284061,502.58361429787374
31,-5086.80337915112,362.52611167317053
32,-5713.796116001679,399.30790743142495
33,-5449.897231587963,407.10328486470246
34,-5132.0,403.691714059132
35,-5947.564167702163,140.37462562057553
36,-5437.499999928822,170.50879746665632
37,-5051.333333333333,230.69966045344174
38,-5071.646236518277,232.68869818601192
39,-5095.610364429046,267.22535222666056
40,-5372.425687046354,323.05984382923236
41,-5320.891472614887,188.91402615462079
42,-5220.8705372146005,593.0382644620364
43,-5546.8876403742515,525.7314045367796
44,-5119.229166542335,648.6407192689376
45,-5320.749657374792,455.64848290274773
46,-5291.1667424338675,359.624943575646
47,-5106.793195036592,153.87442774326084
48,-5113.00892839189,387.8768103226296
49,-5298.639977459035,717.5398760226979
50,-4857.0,113.7673063757774
51,-5335.9609254041325,633.2854230031517
52,-5149.480388959367,370.7927950420446
53,-5320.609219088995,486.33801355324755
54,-5429.944110570832,543.661383390432
55,-5295.081256585117,791.1305943071139
56,-5200.679897606669,231.502935946077
57,-5348.791150807291,260.40153844751546
58,-5351.840740586052,76.28349999289274
59,-5538.813246516914,104.67979506122414
60,-5627.772270302411,465.5973878706634
61,-4981.63766068655,296.6781165455508
62,-5194.822784770033,265.0232480907514
63,-5201.531177668381,355.1253023211327
64,-4683.999999970641,216.05786263261254
65,-5440.118811979369,270.3071581319594
66,-5489.564083225726,400.67379538033674
67,-5160.89819021456,93.61621584492711
68,-5063.928734976921,541.1183630471844
69,-5478.411333875517,381.2784436769222
70,-5461.650291676776,541.0931310436624
71,-5389.333333333333,579.3188529068714
72,-4864.593268490478,464.7634657607943
73,-5310.80696974164,249.39001580408492
74,-5537.89683799582,166.29331775168993
75,-5143.658197940064,363.42479019726767
76,-5486.20315425201,156.35002949637646
77,-5304.499999949104,156.882918070414
78,-5442.76236869981,136.6272515663115
79,-4635.908818148787,251.1885680755294
80,-5428.560930358876,467.55298030228647
81,-5549.154286044676,202.06563552331386
82,-5346.48061454808,126.44215293932909
83,-5286.43994175763,354.9704938526864
84,-5460.6240442730605,68.69110009177496
85,-4915.98979039284,219.12001786477606
86,-4795.0,185.84133017173548
87,-5267.384275829419,253.4637488548061
88,-5232.339644050935,280.62614519682575
89,-5511.333333333333,190.7598839728451
90,-5296.478266719043,195.37187169842628
91,-5409.862845134331,136.670906151199
92,-5360.665591855802,189.97598260481294
93,-5391.895833253243,419.988952434731
94,-5232.39844143115,470.08973446283386
95,-5471.799999925065,248.6107800153534
96,-5101.617746667738,217.4121161759341
97,-5161.976398679333,327.9986953124919
98,-4690.399176339041,142.1848116058243
99,-5223.147356019006,118.90800201102371
100,-5007.333333333333,402.5038302095189
101,-5434.235126589011,91.10931210424837
102,-5485.274155250528,498.674532856072
103,-5059.352941131184,122.61689566951912
104,-4914.095469258116,349.9885024453123
105,-5435.014826678204,376.8589040993914
106,-5220.333333333333,130.15503575864173
107,-5209.0,463.3562344460253
108,-5566.673370927798,498.7643692152493
109,-5136.3933542855375,346.2345898681337
110,-5136.491931854748,236.11038505319328
111,-5315.080182939927,216.13858670807062
112,-5563.905747731399,341.5768909530953
113,-5289.265270083668,642.4056643175031
114,-5247.194303336882,551.121513773774
115,-4640.860869460426,340.6427802040692
116,-5148.957505194849,269.23537972465886
117,-5509.660770636197,277.5658092892474
118,-5505.515151410858,62.08608956647933
119,-5566.588050261336,616.2814993311366
120,-5132.096910605274,619.5440209737898
121,-5234.108854088717,502.1896643926354
122,-4678.4732439607515,359.44419503022135
123,-5372.489434743075,117.48808794202185
124,-5075.66666658151,139.17375224758172
125,-5353.778729317682,488.95230734981953
126,-5247.101882007474,105.8205827686972
127,-4994.628880753567,337.6274818233633
128,-5448.057786003944,555.5267750980789
129,-5716.8333332832,192.71113966540017
130,-4983.166666532254,323.6449957225478
131,-5188.318276993099,304.2994041537901
132,-5354.0,480.11561107716545
133,-5268.433899741773,495.8208098492282
134,-5855.301667488177,336.0556108838363
135,-5680.559307074208,543.1658170942411
136,-4839.125421565329,549.4788443909698
137,-5147.799999983818,210.31493054110476
138,-5258.493762494731,197.5509095550677
139,-5398.064920818099,440.5401789927426
140,-5500.058075882353,34.671300592095925
141,-5301.9999982939335,399.2630726761203
142,-5529.309864357308,539.8123042215371
143,-5022.648370799419,208.50877518922331
144,-5317.229194935285,419.35276572678146
145,-4853.0833332864895,610.9854914508743
146,-4951.193532391336,325.668532213064
147,-5222.081142861899,401.41137907288766
148,-4940.143518373835,276.47890108021977
149,-5560.204903968416,279.6630383942583
150,-5337.000914245463,109.1678363936792
151,-4956.1333333076755,541.0198270876393
152,-5309.932228981309,154.50840044923348
153,-5112.933333333333,86.90692339125397
154,-5264.245613866081,115.34717337478162
155,-5103.902777682133,161.34760368999937
156,-5515.456201708497,484.299936241111
157,-5475.317259896758,131.81175871853898
158,-5247.042290216718,128.07700293794525
159,-5381.750987699696,237.85438188817383
160,-5356.933333270335,584.0884892820687
161,-5650.709956125834,401.38898858910795
162,-5363.262833252788,524.1776834980182
163,-5151.609947153465,797.2791849968787
164,-4936.851911154982,415.61087245096275
165,-5022.033333285658,488.60720764735635
166,-5438.794958858718,369.9477785466583
167,-5328.473333249347,324.316900719491
168,-5280.830719395879,313.68245997742827
169,-5578.419179140466,250.57193377608974
170,-5683.778735415341,639.732131398918
171,-5255.233648720124,289.45736652908397
172,-5152.546222840353,440.1046568400185
173,-5176.060937377275,605.8150038492604
174,-5248.833333251904,182.57623975720577
175,-4946.450980312108,324.1767284455805
176,-5146.566666666667,81.77752339936298
177,-5196.613453990328,184.60536388080175
178,-5048.499999986877,455.3534341407988
179,-5348.560105269812,129.42496981780116
180,-4913.541666600083,890.651590226594
181,-5442.806547524363,213.03285236641315
182,-5357.907168117996,135.7385299783043
183,-5295.034156557483,461.6560948414731
184,-5048.156975325059,395.8517048706666
185,-5170.752314760758,56.26613986682579
186,-5224.841855092759,203.13799904706258
187,-5185.989506022881,565.5536285667904
188,-5543.239126312802,143.87856411340633
189,-5646.807479992585,383.6878717040899
190,-5171.333333333333,404.8584114642222
191,-4954.818062457923,553.2736717954497
192,-5485.283941720819,232.53408545845943
193,-5242.849687299077,247.39500218251476
194,-5294.452326769833,575.6564892928488
195,-5089.430959426874,70.73235051316064
196,-5032.190116565483,330.0562801059636
197,-5042.481729127805,66.50698777957733
198,-4902.133875484826,312.33470961317755
199,-5122.510416633012,434.3278574787763
200,-5142.475595201558,331.10938800422645
201,-5174.6357634234555,384.07448951978864
202,-4913.721654116588,361.2047895112908
203,-5129.492029934213,623.6838882103197
204,-5047.90509310504,129.94668702614737
205,-5343.067643253865,345.16137049565754
206,-5055.427399891906,396.2283206554294
207,-5123.09521736964,156.77758694906427
208,-5048.794599641228,327.69377411697104
209,-5407.766767295823,309.21565092755384
210,-5137.738910000415,382.39241773918855
211,-5624.224735167336,748.0015769705535
212,-5316.3867245015135,365.3126055163711
213,-5408.134259185875,241.8382694631895
214,-5002.487299792314,518.4158379150497
215,-4948.634544910852,310.11554575341717
216,-5348.901868080925,408.693129489854
217,-4816.666666666667,272.529509105589
218,-5328.0,631.3802340903618
219,-5162.1034265401195,365.5760537367582
220,-4964.862744928679,31.039785592447775
221,-5215.375443483197,285.429470808325
222,-5417.333333333333,160.78038852214937
223,-5037.900793585403,308.86555050727145
224,-5179.666666666667,448.3484507984089
225,-5419.826726717402,213.06523413766197
226,-5128.807563561494,557.6856614661224
227,-5092.861491067742,173.0226537166557
228,-4906.49999987349,410.9692809750261
229,-5088.8398553694105,533.6072150770028
230,-5161.9439721085,814.352878328537
231,-5343.333333269661,242.57026468447566
232,-5151.999999790555,149.52508155000785
233,-5243.533771463864,55.49199798414353
234,-5408.7999998438945,174.27068012554008
235,-5249.648148073472,166.79806245452343
236,-5009.378787794784,464.44818042647177
237,-5131.667973660364,409.14622286442597
238,-5577.029618345223,170.39717009371458
239,-5562.456092032521,666.5333274663922
240,-5155.315917637375,452.1164916105796
241,-5036.996963302433,316.98668495155545
242,-5280.142710791018,393.22635774479704
243,-5185.833333317152,182.31451760678357
244,-5070.7395832303255,234.48734977880474
245,-5056.469042273174,83.30019996402429
246,-5167.999999945119,401.77979051078876
247,-5485.427050191967,197.2760998094091
248,-5015.833333281308,267.0684992910315
249,-5364.055555476004,229.45662476366564
250,-5410.098606730092,339.45585472637225
251,-5088.819893439754,132.10438390679911
252,-5098.466666511161,128.28114976843787
253,-5059.141624319111,272.6072138894752
254,-5039.523809432093,202.81158113565186
255,-5236.999999967803,228.14030769796608
256,-5201.2163741485965,268.5415206671389
257,-5096.864406967606,216.6834131144854
258,-4975.62885491129,115.95473287804839
259,-5423.99999982739,107.42904643027943
260,-5253.0,404.5231760974889
261,-5265.584849146847,242.70616228901758
262,-5493.515091711871,359.653049979795
263,-5308.499999941289,259.2532546484118
264,-5743.766695098093,571.5463676013926
265,-5619.466666666667,633.683874919769
266,-5356.625682981324,539.3178848633648
267,-5244.945891681412,177.37754859056446
268,-5115.904668585716,189.26743365838303
269,-5441.333279038089,228.01591325420713
270,-5223.046546457711,243.6903443228011
271,-5377.638068965858,375.1810960022823
272,-5734.943466537444,231.32030829236018
273,-5393.166666650165,356.06190941142904
274,-5310.333333333333,218.87287025424908
275,-5283.067436365529,290.45161491755596
276,-5167.325764282846,201.92842695119532
277,-5279.211470319425,562.4886149052033
278,-5266.631111043087,563.1173425138979
279,-5156.791588255803,545.7373344410051
280,-5160.3333331877775,156.42596759751177
281,-5564.533333333333,300.10673656773065
282,-5215.117158630582,414.93687042116665
283,-5220.333333333333,201.52501912500415
284,-5569.923571061027,536.3079699016765
285,-5197.833333127094,28.637096897037786
286,-5380.972788942327,943.7834709782294
287,-5533.7,108.26527605839262
288,-5237.970067734174,179.29007115971552
289,-5379.397005192935,87.54829967029987
290,-5330.6678373792865,391.2524045283371
291,-5432.489154489573,394.42187204857214
292,-5469.610180599008,121.96043589018193
293,-5530.153384364748,109.3339894139575
294,-5388.3,271.6545048402472
295,-5217.99999995559,476.40004205479664
296,-5314.397278869904,468.0994890034455
297,-5234.436388208195,421.69926938151355
298,-5133.482103763564,401.02725380901126
299,-4875.333333333333,770.1054040411179
300,-5043.719607812061,843.0963209257577
301,-5019.437738986416,378.67138284640635
302,-5139.486421006534,848.911644197627
303,-5473.219120104863,323.6469264716791
304,-5100.666666630279,462.9485213190348
305,-5362.9429985968745,297.1937875633642
306,-5495.161637797491,177.55024987885
307,-5183.838096705646,339.13017866786146
308,-5136.130548539123,74.8586618392856
309,-5340.333333333333,485.4547696061223
310,-5164.064124771036,543.8189994677414
311,-5316.336213391161,561.5483804733615
312,-4924.237180226491,362.93204531019484
313,-5388.428609825016,196.7125355844633
314,-5536.836152456687,249.6250757909351
315,-5270.902638283094,485.68634937872474
316,-5225.918407376767,485.94391133105256
317,-5080.833333237798,370.4417409021728
318,-5379.723275424699,530.266140754795
319,-5153.599999999999,243.09166995189273
320,-5537.040764293831,667.3113167381711
321,-5391.474810016954,215.41532043881085
322,-5130.499999989518,327.80215068538246
323,-5240.40285547825,355.61871415253694
324,-5442.158370589416,68.81962453982186
325,-5424.1958940107,497.9201541541742
326,-5503.398183885689,197.62980001497397
327,-4944.3695371480035,342.1998186891326
328,-4915.1126260034225,72.0890873582664
329,-5504.095238084672,397.1086903457453
330,-5254.061181230985,415.1749652404542
331,-5177.274144524776,340.35562982423767
332,-5249.598919018049,399.6802760793888
333,-5429.083333232207,361.1258726509978
334,-5216.090650168045,447.3995024994473
335,-5502.3565119819,379.5153242947889
336,-5530.044813342214,462.72474568141746
337,-4809.074866262359,97.13049128557307
338,-5203.501831331408,239.4006366823252
339,-4988.272773493074,482.8897847375511
340,-5175.625466899347,147.39261879572308
341,-5229.396900404668,562.0951383330229
342,-5250.1326781657335,117.51236781455474
343,-5272.350912369492,506.80523856596454
344,-5290.618319443877,779.8730951765654
345,-5079.29999976213,358.79753313402966
346,-5308.279875051969,209.16789084199988
347,-5185.919678682926,269.5660190631719
348,-5280.913419886493,116.08582423033317
349,-5410.745730350296,240.02522818224406
350,-5015.467546010388,164.23060515596697
351,-5155.71424205365,590.3085827571639
352,-5341.034476150856,110.6963889484324
353,-5414.168859558701,258.2654310394843
354,-5160.637872805271,526.2234836808623
355,-5513.889116474016,520.158134040709
356,-5236.942225039836,640.6189095470801
357,-5096.995405056554,273.67275542859113
358,-5460.643680044913,288.6315752640818
359,-5819.7766317354735,314.06622379948743
360,-5311.1640387362895,381.62750747311975
361,-5126.294573528347,304.9942504463069
362,-5461.4983854518905,648.876321309764
363,-5448.081632514758,226.3550231742107
364,-5047.117658045839,507.4191617310969
365,-5576.333333270868,377.2142406301627
366,-5591.2057330605285,81.95655767281335
367,-5132.291666631473,77.20430824129473
368,-5702.152619693615,32.92463735780336
369,-5462.753011944126,330.00532478070045
370,-5518.814705783835,120.15020024801677
371,-5471.591194439777,587.689376670229
372,-5335.52515708949,396.21829913694614
373,-5447.559632960837,451.6575426324739
374,-5275.429534610299,162.5458615061072
375,-5190.458079095107,331.6344773379021
376,-5383.666666666667,436.7634752738986
377,-5505.892122336893,378.8463712626822
378,-5279.074372561686,787.9486804937736
379,-5285.851352625176,70.01581850723399
380,-5214.073333280071,282.4176979345056
381,-5403.316023354378,292.60043189935584
382,-5396.077315790927,202.86309702159477
383,-4939.215072007289,205.01080264207724
384,-5232.798477286084,472.14894761827446
385,-5824.9627724401,229.4392900884365
386,-5452.760737417068,360.64530452857065
387,-5466.2898223527,524.8460797676307
388,-5222.499999943126,435.53845989507755
389,-5503.333333333333,322.00362316802176
390,-5125.827811015805,320.95696559658484
391,-5233.763127970827,226.62032737662102
392,-5722.143359356341,356.9138920199469
393,-4973.502976124385,379.71225013521644
394,-5378.999999850679,496.880015683818
395,-5163.695266587644,341.41225687393927
396,-5241.748796251509,267.8942123764335
397,-5127.966666524029,641.1145791118221
398,-5158.6183573883345,326.6266794610668
399,-4894.598238389192,418.2569282822594
400,-5415.110939238836,455.30567065047086
401,-5087.340579522933,318.154990441762
402,-5149.0,451.93915519680303
403,-5070.549984741158,633.6857503626011
404,-5640.839794154771,496.4406706403825
405,-5006.779914439924,181.07573257711715
406,-5253.300774507311,363.8675274233114
407,-5491.2143101117335,311.9483313087166
408,-5355.005442383728,693.0156190172091
409,-5467.067850931053,429.6426195060614
410,-5549.212365484294,396.74705793720625
411,-5500.09255982362,428.1052350275911
412,-5113.499999919285,187.48399941543326
413,-5438.333333128014,349.11471382411935
414,-5386.172225305328,333.7075475783254
415,-5500.811988038098,224.0012102833416
416,-5406.005747092132,732.669987366988
417,-4883.355698557744,509.7768206560463
418,-5451.545481544159,495.2794113320976
419,-4814.333333333333,360.6193745950615
420,-5365.56837135458,415.7414445885141
421,-5496.897846761843,393.9850371665428
422,-5066.700928562398,391.2606695938585
423,-5204.676116305148,301.35421887310684
424,-5257.54652769514,90.784808802762
425,-5492.604511868404,231.06160441472989
426,-5397.092673286284,359.91106485852276
427,-5074.012745885963,749.3019197547195
428,-5416.349264495052,667.5407357502014
429,-5817.923932791101,515.2337757832388
430,-4947.989009261725,275.5298170056182
431,-5460.847848137462,502.8600759614675
432,-5095.650108239508,229.04568296594272
433,-5497.231341044976,553.7621830883883
434,-5161.8111584450735,337.3964940264781
435,-5588.209165996896,193.03989451781132
436,-5141.142743734283,704.2540055196843
437,-5094.9414228167725,185.93434564439525
438,-5145.780126957623,39.67391463859928
439,-4971.477347194097,364.19795853632854
440,-5687.897861192716,631.8003012552477
441,-5391.085595239387,228.39280284656905
442,-4979.19359960763,589.9830409900682
443,-5325.1964211422,777.4470399116309
444,-5293.22198873022,521.2485684731099
445,-5192.29946516763,441.444791900569
446,-5296.366666593579,398.8631635460964
447,-5241.666666666667,411.40045373496275
448,-5681.220263314517,329.1343916370523
449,-5657.61232727876,324.10533626160975
450,-5033.999999855388,383.4383914601573
451,-5367.360868048277,345.88179652550974
452,-5245.375890913329,601.0081589951183
453,-4989.267898773239,87.99217079736707
454,-4969.333333333333,220.658861896216
455,-5121.633856252233,267.90589779977506
456,-5286.0,871.7620088074497
457,-5391.911078150136,586.1384858212728
458,-5466.864330856958,494.1401525113337
459,-5251.666666512569,476.7164600518432
460,-5416.903935756715,489.00946950036035
461,-5231.261111006032,428.43701737581085
462,-5287.99736989771,260.4402907347988
463,-5356.245827324547,164.51761564358625
464,-5232.666666633611,260.96232170233753
465,-5355.139311806458,109.10108002341416
466,-5622.264835223211,415.52957929818785
467,-5274.797122764864,71.78437661602115
468,-5420.841811826954,381.8852026112888
469,-5028.333333250509,93.43090124166449
470,-5087.890350796147,543.7972875508502
471,-5204.683788495277,485.53406347667254
472,-5827.8609028210385,336.7088908235824
473,-5062.345744507467,372.66174132786966
474,-5570.675130403882,688.6972481545639
475,-5463.984449148895,536.322141391053
476,-5560.333333333333,490.0676824004348
477,-5775.480358965096,619.6851425177751
478,-5385.278342566188,627.1970644449866
479,-5331.666666666667,128.8112313943678
480,-5404.759616697559,194.76631810808436
481,-5455.9044093467855,267.08401424785245
482,-5213.485486836056,118.70788510003565
483,-5501.24427180908,517.3638759320746
484,-4860.469537482476,222.0379411562157
485,-5109.873027620883,606.0413776586089
486,-5453.314884443814,282.9770102029459
487,-4873.533333333334,718.7678716618691
488,-5418.300998585422,313.90988355120504
489,-5273.355927297454,282.31952774158776
490,-5503.193807672261,307.62041444730636
491,-5307.629827688753,421.1734362978662
492,-5395.837263735803,267.01008004292834
493,-5417.5146894272975,297.0870749289875
494,-5303.89489472688,107.79158755696591
495,-5081.912132082991,185.27765027681372
496,-5197.117160983297,44.063683388960825
497,-5223.964240050071,377.6937395064199
498,-5398.603053342792,520.0586500853217
499,-5596.5521627299795,570.2463564715196
500,-5373.501726487536,229.6718071681142
